Question,Answer
what is yoroflow,"Yoroflow is an All-in-One Workplace Automation Platform designed for businesses of all sizes, from small enterprises to large corporations. It operates on a no-code/low-code framework, empowering users to create personalized processes, workflows, forms, projects, helpdesks and documents. The platform efficiently oversees and manages team actions, automating a wide range of processes to enhance productivity. Yoroflow stands out as a versatile workplace automation software in the market. It not only allows you to manage and automate routine tasks and team activities but also offers extensive customization options to tailor it to your specific needs. 

With Yoroflow, you can leverage its capabilities as:
A Project Management tool - https://www.yoroflow.com/project-management 
CRM software - https://www.yoroflow.com/crm-automation 
Task Management System - https://www.yoroflow.com/task-management-software 
Custom Workflows Builder - https://www.yoroflow.com/approval-workflow-software 
Online Document Management Solution - https://www.yoroflow.com/online-document-management-software 
Online Form Designer - https://www.yoroflow.com/online-form-builder 
Helpdesk & Ticketing Software - https://www.yoroflow.com/help-desk-software"
What features does the yoroflow software offer?,"Yoroflow stands out as a versatile workplace automation software in the market. It not only allows you to manage and automate routine tasks and team activities but also offers extensive customization options to tailor it to your specific needs. 

With Yoroflow, you can leverage its capabilities as:
A Project Management tool - https://www.yoroflow.com/project-management 
CRM software - https://www.yoroflow.com/crm-automation 
Task Management System - https://www.yoroflow.com/task-management-software 
Custom Workflows Builder - https://www.yoroflow.com/approval-workflow-software 
Online Document Management Solution - https://www.yoroflow.com/online-document-management-software 
Online Form Designer - https://www.yoroflow.com/online-form-builder 
Helpdesk & Ticketing Software - https://www.yoroflow.com/help-desk-software "
Can the software integrate with other tools or platforms?,"Indeed, Yoroflow stands as a digital automation and productivity tool, offering a range of integrations to seamlessly connect with users' preferred apps and services, simplifying their lives. These integrations are crafted to boost collaboration and optimize workflows, enabling users to synchronize data effortlessly between Yoroflow and other essential tools."
Is there a step-by-step installation guide?,"Yoroflow isn't installed directly on your local machine. It operates as a cloud-based Software as a Service (SaaS) product, accessible through web browsers such as Safari, Chrome, Edge, etc. Users sign up directly with Yoroflow, gaining access to the platform via web browsers or mobile devices. Yoroflow's mobile apps can be downloaded from both the Google Play Store(https://play.google.com/store/apps/details?id=com.yoroflow.app&hl=en_IN&gl=US ) and the Apple App Store(https://apps.apple.com/ca/app/yoroflow/id1581134272 ) for use on smartphones."
How do I use a specific feature?,"The utilization of a particular feature within Yoroflow is contingent upon the specific challenges or solutions you seek for your unique needs. Yoroflow encompasses a suite of diverse applications, serving purposes such as workflow automation(https://www.yoroflow.com/approval-workflow-software ), project management(https://www.yoroflow.com/project-management ), facilitating communication between customers and agents(https://www.yoroflow.com/help-desk-software ), or functioning as a sales automation platform(https://www.yoroflow.com/crm-automation ) to streamline your company or organization's sales processes."
What are the system requirements?,"Users do not need to adhere to specific system requirements for Yoroflow, as the platform is primarily accessed through web or mobile browsers. The only prerequisites are a PC or smartphone with a stable internet connection"
How to  I use  the yoroflow specific feature?,"The utilization of a particular feature within Yoroflow is contingent upon the specific challenges or solutions you seek for your unique needs. Yoroflow encompasses a suite of diverse applications, serving purposes such as workflow automation(https://www.yoroflow.com/approval-workflow-software ), project management(https://www.yoroflow.com/project-management ), facilitating communication between customers and agents(https://www.yoroflow.com/help-desk-software ), or functioning as a sales automation platform(https://www.yoroflow.com/crm-automation ) to streamline your company or organization's sales processes."
Can I integrate custom software with Yoroflow?,"Yoroflow provides the flexibility to integrate with custom software using its web service control via API (Application Programming Interface). This allows for programmable communication, enabling the exchange of input and the reception of text, files, and more."
Please give the yorofolw installation guide?,"Yoroflow isn't installed directly on your local machine. It operates as a cloud-based Software as a Service (SaaS) product, accessible through web browsers such as Safari, Chrome, Edge, etc. Users sign up directly with Yoroflow, gaining access to the platform via web browsers or mobile devices. Yoroflow's mobile apps can be downloaded from both the Google Play Store(https://play.google.com/store/apps/details?id=com.yoroflow.app&hl=en_IN&gl=US ) and the Apple App Store(https://apps.apple.com/ca/app/yoroflow/id1581134272 ) for use on smartphones."
How do I install the software?,"Yoroflow isn't installed directly on your local machine. It operates as a cloud-based Software as a Service (SaaS) product, accessible through web browsers such as Safari, Chrome, Edge, etc. Users sign up directly with Yoroflow, gaining access to the platform via web browsers or mobile devices. Yoroflow's mobile apps can be downloaded from both the Google Play Store(https://play.google.com/store/apps/details?id=com.yoroflow.app&hl=en_IN&gl=US ) and the Apple App Store(https://apps.apple.com/ca/app/yoroflow/id1581134272 ) for use on smartphones."
What do I do if the software crashes?," If you encounter difficulties or encounter ""crashes"" while using Yoroflow, follow these general steps to resolve the issue:
1. Verify Your Internet Connection:
Ensure that your internet connection is stable. A reliable connection is crucial for uninterrupted use of Yoroflow.
2. Attempt the Request Again:
If the issue persists, try retrying your request. Sometimes, reattempting the action resolves transient problems.
3. Contact Your Account Executive:
Reach out to your dedicated Account Executive using your preferred mode of contact. They can provide personalized assistance and guidance.
Submit a Report to support@yoroflow.com
If the problem persists or requires technical attention, report the issue by emailing support@yoroflow.com or call us directly at call us directly at +1 240 345 1615, +1 540 530 4441, +1 703 349 7789. This will help initiate the support process for further investigation and resolution.
[Q] Can I get assistance with technical problems?
[A] If you encounter technical issues related to a specific product or license, consider the following general steps to seek assistance:
1. Refer to the user guide (https://www.yoroflow.com/support ) for potential solutions.
2. Contact Your Account Executive:
Reach out to your dedicated Account Executive using your preferred mode of contact. They can provide personalized assistance and guidance.
3. Submit a Report to support@yoroflow.com or Call Directly:
If the problem persists or requires technical attention, report the issue by emailing support@yoroflow.com or call us directly at call us directly at +1 240 345 1615, +1 540 530 4441, +1 703 349 7789. This will help initiate the support process for further investigation and resolution."
Is there a user guide or tutorial for navigating the interface?,"I recommend checking the official website(https://www.yoroflow.com/support ), blog (https://www.yoroflow.com/blogsarticles ), recent updates(https://www.yoroflow.com/product-updates/ ), or other official communication channels like YouTube(https://www.youtube.com/channel/UCAOt6N3HuqWC1ffIPMZc3oQ ), LinkedIn(https://linkedin.com/company/yoroflow ), X(https://twitter.com/yoroflow )."
How can I upgrade or downgrade my subscription?,"You can change your plan anytime as per your requirements. Click Administration(https://www.yoroflow.com/docs/manage-organization/ ) ? Subscription(https://www.yoroflow.com/docs/subscription/ ) from the left menu and check your plan & usage details. By clicking “Upgrade” button you can upgrade or downgrade, change the plan any time.

Or, Please reach your account executive or email us at support@yoroflow.com to cancel your subscription."
Is there a free trial period?,"Yoroflow offers a 7-day trial period with limited features across all its plans. Choose the product and plan(https://www.yoroflow.com/pricing-plans/ ) you wish to explore, and proceed to create your account.

Upon subscribing to a trial or any plan, expect sales to contact you via call or email for account validation. An account executive will then be assigned as your dedicated point of contact throughout the subscription period. This individual will assist you in setting up, onboarding, and creating workflows, forms, projects, contacts, or helpdesk functionalities."
What do I do if the software crashes?," If you encounter difficulties or encounter ""crashes"" while using Yoroflow, follow these general steps to resolve the issue:
1. Verify Your Internet Connection:
Ensure that your internet connection is stable. A reliable connection is crucial for uninterrupted use of Yoroflow.
2. Attempt the Request Again:
If the issue persists, try retrying your request. Sometimes, reattempting the action resolves transient problems.
3. Contact Your Account Executive:
Reach out to your dedicated Account Executive using your preferred mode of contact. They can provide personalized assistance and guidance.
Submit a Report to support@yoroflow.com
If the problem persists or requires technical attention, report the issue by emailing support@yoroflow.com or call us directly at call us directly at +1 240 345 1615, +1 540 530 4441, +1 703 349 7789. This will help initiate the support process for further investigation and resolution.
[Q] Can I get assistance with technical problems?
[A] If you encounter technical issues related to a specific product or license, consider the following general steps to seek assistance:
1. Refer to the user guide (https://www.yoroflow.com/support ) for potential solutions.
2. Contact Your Account Executive:
Reach out to your dedicated Account Executive using your preferred mode of contact. They can provide personalized assistance and guidance.
3. Submit a Report to support@yoroflow.com or Call Directly:
If the problem persists or requires technical attention, report the issue by emailing support@yoroflow.com or call us directly at call us directly at +1 240 345 1615, +1 540 530 4441, +1 703 349 7789. This will help initiate the support process for further investigation and resolution."
Is there a step-by-step installation guide?,"Yoroflow isn't installed directly on your local machine. It operates as a cloud-based Software as a Service (SaaS) product, accessible through web browsers such as Safari, Chrome, Edge, etc. Users sign up directly with Yoroflow, gaining access to the platform via web browsers or mobile devices. Yoroflow's mobile apps can be downloaded from both the Google Play Store(https://play.google.com/store/apps/details?id=com.yoroflow.app&hl=en_IN&gl=US ) and the Apple App Store(https://apps.apple.com/ca/app/yoroflow/id1581134272 ) for use on smartphones."
Can I do a PoC with this software?,"Upon subscribing to a trial or any plan, expect sales to contact you via call or email for account validation. An account executive will then be assigned as your dedicated point of contact throughout the subscription period. This individual will assist you in setting up, onboarding, and creating workflows, forms, projects, contacts, or helpdesk functionalities."
What is Digital Workplace?,The digital workplace enables effective ways of working that improve the employee experience. You can continuously reform your workplace to achieve business goals with Yoroflow’s digital workplace platform. It offers a positive employee experience by boosting productivity and engagement.
What is Workflow Management?,"Workflow Management by Yoroflow is a platform designed for companies with specific requirements in building and managing their processes, workflows, and automating tasks. It streamlines the organization of repetitive tasks, effectively reducing manual efforts.

Highlights of Workflow Management

1. Process Management - https://www.yoroflow.com/business-process-management-software/ 
Yoroflow's workflow process management solution helps you reduce your manual work and redundant tasks, map out your everyday processes to identify and eliminate bottlenecks.

2. Approval Workflow Management - https://www.yoroflow.com/approval-workflow-software/ 
Create a well-connected no-code approval workflow process with Yoroflow right now. Keep your organizations accountable and efficient by quickly automating your business approval process. Workflow continuous to follow the set of sequence or rules based on the approval result.

3. Automated Workflow Management - https://www.yoroflow.com/workflow-automation-software-system/ 
Centralize and smooth-out workflows by making standards & connecting tasks. To improve efficiency and streamline your business operations, build, configure, and automate the workflow platform."
What is YoroCRM?,"YoroCRM stands as a sales automation platform hosted in the cloud, facilitating the systematic arrangement and administration of contacts, companies, and the complete chronicle of interactions associated with each contact or company. It serves as a unified repository for consolidating all sales records, invoices, documents, and communication logs, streamlining comprehensive information in a singular location.

Highlights of YoroCRM

1. CRM Automation - https://www.yoroflow.com/crm-automation 
YoroCRM functions as a tool for automating sales workflows, specifically designed for sales cadences. Users have the capability to construct personalized templates or cadences that incorporate various touchpoints such as email, text, phone, and social interactions.

2. Omnichannel Communication - https://www.yoroflow.com/omnichannel-communication 
Engage with customers in real-time using live chat, call, portals, email, social media, and more. The goal of omnichannel communication is to meet customers where they are, regardless of the channel they choose to use, and provide a consistent and cohesive experience.

3. Real Time Insights - https://www.yoroflow.com/analytics-and-forecast 
Enhance sales analysis by increasing the precision of sales forecasts. YoroCRM empowers businesses to monitor their sales team's advancements, enabling data-driven decision-making for the optimization of sales strategies.

4. Integrations - https://www.yoroflow.com/yorocrm-integrations 
Merge third-party functions within one platform. YoroCRM offers a wide range of integration options with other software and systems to help businesses streamline their processes and improve customer relationship management."
What is Yoro Project?,"YoroProject, a project management software, delivers a dynamic solution for overseeing project statuses and efficiently managing all project resources. Utilize Yoroflow's user-friendly project management software, equipped with essential and advanced features, including custom dashboard visibility, team monitoring, real-time insights, and Gantt timelines.

Highlights of YoroProject

1. Task Management - https://www.yoroflow.com/project-management 
Streamline your workflow processes and reclaim your time. Whether dealing with simple or intricate tasks, Yoroflow's online project management software offers an uncomplicated drag-and-drop interface, making it effortlessly visual to construct and deploy new automations for your project workflow. Achieve full task automation tailored to meet your specific requirements.

2. Backlogs & Dependencies - https://www.yoroflow.com/project-portfolio-management-software 
Within Yoroproject's project portfolio management software, the Gantt chart provides the team with a comprehensive overview of dependencies, offering details such as dependency type, backlog, task owners, due dates, and additional information.

3. Manage Teams & Tasks - https://www.yoroflow.com/project-management-tools/ 
Get the jumpstart on your organization workflow. No more lost task notes, outdated spreadsheets, unorganized conversations, and a chaotic to-do list - just manage everything in one place.

4. Multiple Views - https://www.yoroflow.com/kanban-software 
Visualize your progress on online Kanban boards and view your team move projects from to-do to completed. Create and manage digital Kanban board software with Yoroproject."
What is Yoro Desk?,"Meet Yorodesk, practical customer support and help desk software. Minimize chaos and bring order to your support process with Yorodesk’s support ticket system, community forums and self-service knowledge base. All-in-one help desk ticketing software that provides better customer support."
What is Digital Workplace?,"Yoroflow's digital workplace provides a unified platform that combines Workflow Management (https://www.yoroflow.com/workflow-management-overview/ ) + YoroProject (https://www.yoroflow.com/project-management-tools/ ), all essential features, granting access to the digital tools necessary for effective daily work management. This includes functions such as workflow automation, process management, kanban boards, task management, project management, and collaborative document handling."
Are there any discounts or promotions available?,"Yes, you can enjoy a 20% discount on all annual plans for each user you add to the account.

Certainly, Yoroflow extends an extra 40% discount for educational institutions, including schools, colleges, and NGOs. To avail yourself of this offer, simply create an account using your official email ID."
How is user data protected?,"At Yorosis Technologies, Inc. / Yoroflow, compliance is a top priority to ensure that we operate in an ethical and secure environment. And ISO 27001, SOC 2 Type II, Privacy Shield certified , which undergoes regular third- party audits and assessments to ensure our compliance and maintain trust with our customers.

A dedicated security team monitors and maintains the review processes of all security processes with regular audits and security policies to meet industry standards.

Yorosis security team conducts regular audits, vulnerability assessments, and penetration testing to review the security standards at regular intervals and fill gaps if any."
Please explain the concept of user data protected?,"At Yorosis Technologies, Inc. / Yoroflow, compliance is a top priority to ensure that we operate in an ethical and secure environment. And ISO 27001, SOC 2 Type II, Privacy Shield certified , which undergoes regular third- party audits and assessments to ensure our compliance and maintain trust with our customers.

A dedicated security team monitors and maintains the review processes of all security processes with regular audits and security policies to meet industry standards.

Yorosis security team conducts regular audits, vulnerability assessments, and penetration testing to review the security standards at regular intervals and fill gaps if any."
Can I do a PoC with this software?,"Upon subscribing to a trial or any plan, expect sales to contact you via call or email for account validation. An account executive will then be assigned as your dedicated point of contact throughout the subscription period. This individual will assist you in setting up, onboarding, and creating workflows, forms, projects, contacts, or helpdesk functionalities."
Can the software integrate with other tools or platforms?,"Indeed, Yoroflow stands as a digital automation and productivity tool, offering a range of integrations to seamlessly connect with users' preferred apps and services, simplifying their lives. These integrations are crafted to boost collaboration and optimize workflows, enabling users to synchronize data effortlessly between Yoroflow and other essential tools."
Can I control who has access to my data?,You can set up security roles in Yoroflow's Admin tab to remove and assign roles and permissions for each user. Click Administration(https://www.yoroflow.com/docs/manage-organization/ ) ? Associate Users to Roles(https://www.yoroflow.com/docs/associate-users-to-roles/ ) from the left menu and set access to the users in the account.
Is there a schedule for software releases?,"Yoroflow consistently improves user interactions, safety, and effectiveness based on user feedback and to address feature requests and performance enhancements. New versions or product features are released regularly, occurring twice or thrice a month based on the road-map.

You can find the release details in recent updates(https://www.yoroflow.com/product-updates/ ), or other official communication channels like YouTube(https://www.youtube.com/channel/UCAOt6N3HuqWC1ffIPMZc3oQ ), 
LinkedIn(https://linkedin.com/company/yoroflow ), 
X(https://twitter.com/yoroflow )."
Are there planned dates for upcoming software releases?,"Yoroflow consistently improves user interactions, safety, and effectiveness based on user feedback and to address feature requests and performance enhancements. New versions or product features are released regularly, occurring twice or thrice a month based on the road-map.

You can find the release details in recent updates(https://www.yoroflow.com/product-updates/ ), or other official communication channels like YouTube(https://www.youtube.com/channel/UCAOt6N3HuqWC1ffIPMZc3oQ ), 
LinkedIn(https://linkedin.com/company/yoroflow ), 
X(https://twitter.com/yoroflow )."
Where can I find the user manual or documentation?,"For the most accurate and up-to-date information, refer to the official documentation and resources on the website(https://www.yoroflow.com/support/ ).

Guide based on Products, 
Digital Workplace - https://www.yoroflow.com/docs/digital-workplace/  
Workflow Management - https://www.yoroflow.com/docs/workflow-management/ 
YoroProject - https://www.yoroflow.com/docs/yoroproject/ 
YoroCRM - https://www.yoroflow.com/docs/yorocrm-usermanual/ 
YoroDesk - https://www.yoroflow.com/docs/yorodesk/"
What channels are available for customer support?,"Reach out to your dedicated Account Executive using your preferred mode of contact. They can provide personalized assistance and guidance.
Or, reach to support@yoroflow.com or 
Call Directly: +1 240 345 1615, +1 540 530 4441, +1 703 349 7789
LiveChat on website - https://www.yoroflow.com/ 
or Skype - https://join.skype.com/invite/yYXBXOMD9h8H 
Book a Meeting - https://www.yoroflow.com/request-for-demo/ 

This will help initiate the support process for further investigation and resolution."
How quickly can I expect a response from support?,Yoroflow typically acknowledges and escalates reported issues to the product team within a timeframe ranging from 4 to a maximum of 24 hours based on calendar days. The resolution of any given issue is targeted to be completed within a maximum timeframe of 72 hours.
What is Yoroproject?,"YoroProject, a project management software, delivers a dynamic solution for overseeing project statuses and efficiently managing all project resources. Utilize Yoroflow's user-friendly project management software, equipped with essential and advanced features, including custom dashboard visibility, team monitoring, real-time insights, and Gantt timelines.

Highlights of YoroProject

1. Task Management - https://www.yoroflow.com/project-management 
Streamline your workflow processes and reclaim your time. Whether dealing with simple or intricate tasks, Yoroflow's online project management software offers an uncomplicated drag-and-drop interface, making it effortlessly visual to construct and deploy new automations for your project workflow. Achieve full task automation tailored to meet your specific requirements.

2. Backlogs & Dependencies - https://www.yoroflow.com/project-portfolio-management-software 
Within Yoroproject's project portfolio management software, the Gantt chart provides the team with a comprehensive overview of dependencies, offering details such as dependency type, backlog, task owners, due dates, and additional information.

3. Manage Teams & Tasks - https://www.yoroflow.com/project-management-tools/ 
Get the jumpstart on your organization workflow. No more lost task notes, outdated spreadsheets, unorganized conversations, and a chaotic to-do list - just manage everything in one place.

4. Multiple Views - https://www.yoroflow.com/kanban-software 
Visualize your progress on online Kanban boards and view your team move projects from to-do to completed. Create and manage digital Kanban board software with Yoroproject."
What is YoroCRM?,"YoroCRM stands as a sales automation platform hosted in the cloud, facilitating the systematic arrangement and administration of contacts, companies, and the complete chronicle of interactions associated with each contact or company. It serves as a unified repository for consolidating all sales records, invoices, documents, and communication logs, streamlining comprehensive information in a singular location.

Highlights of YoroCRM

1. CRM Automation - https://www.yoroflow.com/crm-automation 
YoroCRM functions as a tool for automating sales workflows, specifically designed for sales cadences. Users have the capability to construct personalized templates or cadences that incorporate various touchpoints such as email, text, phone, and social interactions.

2. Omnichannel Communication - https://www.yoroflow.com/omnichannel-communication 
Engage with customers in real-time using live chat, call, portals, email, social media, and more. The goal of omnichannel communication is to meet customers where they are, regardless of the channel they choose to use, and provide a consistent and cohesive experience.

3. Real Time Insights - https://www.yoroflow.com/analytics-and-forecast 
Enhance sales analysis by increasing the precision of sales forecasts. YoroCRM empowers businesses to monitor their sales team's advancements, enabling data-driven decision-making for the optimization of sales strategies.

4. Integrations - https://www.yoroflow.com/yorocrm-integrations 
Merge third-party functions within one platform. YoroCRM offers a wide range of integration options with other software and systems to help businesses streamline their processes and improve customer relationship management."
What is Workflow Management?,"Workflow Management by Yoroflow is a platform designed for companies with specific requirements in building and managing their processes, workflows, and automating tasks. It streamlines the organization of repetitive tasks, effectively reducing manual efforts.

Highlights of Workflow Management

1. Process Management - https://www.yoroflow.com/business-process-management-software/ 
Yoroflow's workflow process management solution helps you reduce your manual work and redundant tasks, map out your everyday processes to identify and eliminate bottlenecks.

2. Approval Workflow Management - https://www.yoroflow.com/approval-workflow-software/ 
Create a well-connected no-code approval workflow process with Yoroflow right now. Keep your organizations accountable and efficient by quickly automating your business approval process. Workflow continuous to follow the set of sequence or rules based on the approval result.

3. Automated Workflow Management - https://www.yoroflow.com/workflow-automation-software-system/ 
Centralize and smooth-out workflows by making standards & connecting tasks. To improve efficiency and streamline your business operations, build, configure, and automate the workflow platform."
What is Yorodesk?,"YoroDesk functions as a helpdesk and ticketing system, facilitating seamless interactions and accessibility for both customers and agents across their preferred channels. It integrates diverse communication channels, such as web, mobile, live chat, and contact center support. YoroDesk expedites issue resolution by empowering customers to quickly find solutions through its knowledgebase.

Highlights of YoroDesk
1. Omni-Channel Support - https://www.yoroflow.com/omni-channel-customer-service/ 
Helps you streamline customer support tickets and issues raised through multiple channels like Call, Email, LiveChat, Customer Portal etc.

2. SLA Management - https://www.yoroflow.com/sla-management-software/ 
Yorodesk solution helps you quantify your customer support by setting and splitting strict SLA.

3. Automation - https://www.yoroflow.com/automated-help-desk/ 
Automate repetitive tasks, efficiently manage your support email, and customize automation.

4. Integration - https://www.yoroflow.com/help-desk-integrations/ 
Yorodesk gives many third-party integrations to help you enlarge the capabilities of your helpdesk."
What is Yorodrive?,"YoroDocs serves as a personal cloud storage solution designed to safeguard, organize your files, including folders, images, videos, and more, ensuring easy accessibility from any device. Generate links for your files and effortlessly share them with your team, whether internally or externally."
What is Yoroforms?,"YoroForm stands as a robust and user-friendly enterprise form builder, providing the flexibility to create and customize internal forms and public forms according to your specific requirements through a drag & drop low-code platform. 

This powerful tool enables organizations to swiftly transform traditional paper-based forms into digital formats. Moreover, the data collected through these forms seamlessly integrates with existing business applications, offering an efficient solution through forms and workflow software.

Explore more about YoroForms - https://www.yoroflow.com/online-form-builder  & How to create Public Forms for your process? Learn more - https://blogs.yoroflow.com/docs/public-form/"
yoroflow,"Yoroflow is an All-in-One Workplace Automation Platform designed for businesses of all sizes, from small enterprises to large corporations. It operates on a no-code/low-code framework, empowering users to create personalized processes, workflows, forms, projects, helpdesks and documents. The platform efficiently oversees and manages team actions, automating a wide range of processes to enhance productivity. Yoroflow stands out as a versatile workplace automation software in the market. It not only allows you to manage and automate routine tasks and team activities but also offers extensive customization options to tailor it to your specific needs. 

With Yoroflow, you can leverage its capabilities as:
A Project Management tool - https://www.yoroflow.com/project-management 
CRM software - https://www.yoroflow.com/crm-automation 
Task Management System - https://www.yoroflow.com/task-management-software 
Custom Workflows Builder - https://www.yoroflow.com/approval-workflow-software 
Online Document Management Solution - https://www.yoroflow.com/online-document-management-software 
Online Form Designer - https://www.yoroflow.com/online-form-builder 
Helpdesk & Ticketing Software - https://www.yoroflow.com/help-desk-software"
What is Digital Workplace?,"Yoroflow's digital workplace provides a unified platform that combines Workflow Management (https://www.yoroflow.com/workflow-management-overview/ ) + YoroProject (https://www.yoroflow.com/project-management-tools/ ), all essential features, granting access to the digital tools necessary for effective daily work management. This includes functions such as workflow automation, process management, kanban boards, task management, project management, and collaborative document handling."
What is the price of this software?,"Yoroflow presents the most competitive pricing plan in comparison to its competitors. The pricing - https://www.yoroflow.com/pricing-plans/  is both flexible and transparent, allowing you to choose features tailored to meet the specific needs of your organization.

Reach out to your dedicated Account Executive using your preferred mode of contact. They can provide personalized assistance and guidance.

Reach to support@yoroflow.com or 
Call Directly: +1 240 345 1615, +1 540 530 4441, +1 703 349 7789
LiveChat on website - https://www.yoroflow.com/ 
or Skype - https://join.skype.com/invite/yYXBXOMD9h8H 
Book a Meeting - https://www.yoroflow.com/request-for-demo/"
What are the different pricing plans or licensing options?,"Yoroflow stands out as a versatile workplace automation software in the market. It not only allows you to manage and automate routine tasks and team activities but also offers extensive customization options to tailor it to your specific needs. With Yoroflow, you can leverage its capabilities as:

A Project Management tool - https://www.yoroflow.com/project-management 
CRM software - https://www.yoroflow.com/crm-automation 
Task Management System - https://www.yoroflow.com/task-management-software 
Custom Workflows Builder - https://www.yoroflow.com/approval-workflow-software 
Online Document Management Solution - https://www.yoroflow.com/online-document-management-software 
Online Form Designer - https://www.yoroflow.com/online-form-builder 
Helpdesk & Ticketing Software - https://www.yoroflow.com/help-desk-software"
Can i switch my plans during the subscription?,"You can change your plan anytime as per your requirements. Click Administration (https://www.yoroflow.com/docs/manage-organization/ )? Subscription(https://www.yoroflow.com/docs/subscription/ ) from the left menu and check your plan & usage details. By clicking “Upgrade” button you can upgrade or downgrade, change the plan any time."
Is there any extra charge for implementation?,"No, Upon subscribing to a trial or any plan, expect sales to contact you via call or email for account validation. An account executive will then be assigned as your dedicated point of contact throughout the subscription period. This individual will assist you in setting up, onboarding, and creating workflows, forms, projects, contacts, or helpdesk functionalities."
What do I do if the software crashes?," If you encounter difficulties or encounter ""crashes"" while using Yoroflow, follow these general steps to resolve the issue:
1. Verify Your Internet Connection:
Ensure that your internet connection is stable. A reliable connection is crucial for uninterrupted use of Yoroflow.
2. Attempt the Request Again:
If the issue persists, try retrying your request. Sometimes, reattempting the action resolves transient problems.
3. Contact Your Account Executive:
Reach out to your dedicated Account Executive using your preferred mode of contact. They can provide personalized assistance and guidance.
Submit a Report to support@yoroflow.com
If the problem persists or requires technical attention, report the issue by emailing support@yoroflow.com or call us directly at call us directly at +1 240 345 1615, +1 540 530 4441, +1 703 349 7789. This will help initiate the support process for further investigation and resolution.
[Q] Can I get assistance with technical problems?
[A] If you encounter technical issues related to a specific product or license, consider the following general steps to seek assistance:
1. Refer to the user guide (https://www.yoroflow.com/support ) for potential solutions.
2. Contact Your Account Executive:
Reach out to your dedicated Account Executive using your preferred mode of contact. They can provide personalized assistance and guidance.
3. Submit a Report to support@yoroflow.com or Call Directly:
If the problem persists or requires technical attention, report the issue by emailing support@yoroflow.com or call us directly at call us directly at +1 240 345 1615, +1 540 530 4441, +1 703 349 7789. This will help initiate the support process for further investigation and resolution."
Can I control who has access to my data?,You can set up security roles in Yoroflow's Admin tab to remove and assign roles and permissions for each user. Click Administration(https://www.yoroflow.com/docs/manage-organization/ ) ? Associate Users to Roles(https://www.yoroflow.com/docs/associate-users-to-roles/ ) from the left menu and set access to the users in the account.
Can I do a PoC with this software?,"Upon subscribing to a trial or any plan, expect sales to contact you via call or email for account validation. An account executive will then be assigned as your dedicated point of contact throughout the subscription period. This individual will assist you in setting up, onboarding, and creating workflows, forms, projects, contacts, or helpdesk functionalities."
what is yoroflow?,"Yoroflow is an All-in-One Workplace Automation Platform designed for businesses of all sizes, from small enterprises to large corporations. It operates on a no-code/low-code framework, empowering users to create personalized processes, workflows, forms, projects, helpdesks and documents. The platform efficiently oversees and manages team actions, automating a wide range of processes to enhance productivity. Yoroflow stands out as a versatile workplace automation software in the market. It not only allows you to manage and automate routine tasks and team activities but also offers extensive customization options to tailor it to your specific needs. 

With Yoroflow, you can leverage its capabilities as:
A Project Management tool - https://www.yoroflow.com/project-management 
CRM software - https://www.yoroflow.com/crm-automation 
Task Management System - https://www.yoroflow.com/task-management-software 
Custom Workflows Builder - https://www.yoroflow.com/approval-workflow-software 
Online Document Management Solution - https://www.yoroflow.com/online-document-management-software 
Online Form Designer - https://www.yoroflow.com/online-form-builder 
Helpdesk & Ticketing Software - https://www.yoroflow.com/help-desk-software"
What features does the yoroflow software offer?,"Yoroflow stands out as a versatile workplace automation software in the market. It not only allows you to manage and automate routine tasks and team activities but also offers extensive customization options to tailor it to your specific needs. 

With Yoroflow, you can leverage its capabilities as:
A Project Management tool - https://www.yoroflow.com/project-management 
CRM software - https://www.yoroflow.com/crm-automation 
Task Management System - https://www.yoroflow.com/task-management-software 
Custom Workflows Builder - https://www.yoroflow.com/approval-workflow-software 
Online Document Management Solution - https://www.yoroflow.com/online-document-management-software 
Online Form Designer - https://www.yoroflow.com/online-form-builder 
Helpdesk & Ticketing Software - https://www.yoroflow.com/help-desk-software "
What is Yorodesk?,"YoroDesk functions as a helpdesk and ticketing system, facilitating seamless interactions and accessibility for both customers and agents across their preferred channels. It integrates diverse communication channels, such as web, mobile, live chat, and contact center support. YoroDesk expedites issue resolution by empowering customers to quickly find solutions through its knowledgebase.

Highlights of YoroDesk
1. Omni-Channel Support - https://www.yoroflow.com/omni-channel-customer-service/ 
Helps you streamline customer support tickets and issues raised through multiple channels like Call, Email, LiveChat, Customer Portal etc.

2. SLA Management - https://www.yoroflow.com/sla-management-software/ 
Yorodesk solution helps you quantify your customer support by setting and splitting strict SLA.

3. Automation - https://www.yoroflow.com/automated-help-desk/ 
Automate repetitive tasks, efficiently manage your support email, and customize automation.

4. Integration - https://www.yoroflow.com/help-desk-integrations/ 
Yorodesk gives many third-party integrations to help you enlarge the capabilities of your helpdesk."
What is Yoro Project?,"YoroProject, a project management software, delivers a dynamic solution for overseeing project statuses and efficiently managing all project resources. Utilize Yoroflow's user-friendly project management software, equipped with essential and advanced features, including custom dashboard visibility, team monitoring, real-time insights, and Gantt timelines.

Highlights of YoroProject

1. Task Management - https://www.yoroflow.com/project-management 
Streamline your workflow processes and reclaim your time. Whether dealing with simple or intricate tasks, Yoroflow's online project management software offers an uncomplicated drag-and-drop interface, making it effortlessly visual to construct and deploy new automations for your project workflow. Achieve full task automation tailored to meet your specific requirements.

2. Backlogs & Dependencies - https://www.yoroflow.com/project-portfolio-management-software 
Within Yoroproject's project portfolio management software, the Gantt chart provides the team with a comprehensive overview of dependencies, offering details such as dependency type, backlog, task owners, due dates, and additional information.

3. Manage Teams & Tasks - https://www.yoroflow.com/project-management-tools/ 
Get the jumpstart on your organization workflow. No more lost task notes, outdated spreadsheets, unorganized conversations, and a chaotic to-do list - just manage everything in one place.

4. Multiple Views - https://www.yoroflow.com/kanban-software 
Visualize your progress on online Kanban boards and view your team move projects from to-do to completed. Create and manage digital Kanban board software with Yoroproject."
How is user data protected?,"At Yorosis Technologies, Inc. / Yoroflow, compliance is a top priority to ensure that we operate in an ethical and secure environment. And ISO 27001, SOC 2 Type II, Privacy Shield certified , which undergoes regular third- party audits and assessments to ensure our compliance and maintain trust with our customers.

A dedicated security team monitors and maintains the review processes of all security processes with regular audits and security policies to meet industry standards.

Yorosis security team conducts regular audits, vulnerability assessments, and penetration testing to review the security standards at regular intervals and fill gaps if any."
Is there a step-by-step installation guide?,"Yoroflow isn't installed directly on your local machine. It operates as a cloud-based Software as a Service (SaaS) product, accessible through web browsers such as Safari, Chrome, Edge, etc. Users sign up directly with Yoroflow, gaining access to the platform via web browsers or mobile devices. Yoroflow's mobile apps can be downloaded from both the Google Play Store(https://play.google.com/store/apps/details?id=com.yoroflow.app&hl=en_IN&gl=US ) and the Apple App Store(https://apps.apple.com/ca/app/yoroflow/id1581134272 ) for use on smartphones."
Are there planned dates for upcoming software releases?,"Yoroflow consistently improves user interactions, safety, and effectiveness based on user feedback and to address feature requests and performance enhancements. New versions or product features are released regularly, occurring twice or thrice a month based on the road-map.

You can find the release details in recent updates(https://www.yoroflow.com/product-updates/ ), or other official communication channels like YouTube(https://www.youtube.com/channel/UCAOt6N3HuqWC1ffIPMZc3oQ ), 
LinkedIn(https://linkedin.com/company/yoroflow ), 
X(https://twitter.com/yoroflow )."
Can I customize the interface to suit my preferences?,"Yes, Yoroflow offers flexibility to adapt to user preferences, allowing changes to themes, layouts, font sizes , and toggling between dark or light themes at any time. 
Learn more -  https://blogs.yoroflow.com/docs/dark-mode-theme/"
How to generate reports?,"Yoroflow includes pre-designed reports that enable users to incorporate multiple dashboards - https://blogs.yoroflow.com/docs/dashboard/ . The platform provides a set of ready-made widgets - https://blogs.yoroflow.com/docs/widgets/ , offering statistical insights and customizable list views with filters. 

Additionally, users have the flexibility to generate personalized reports. Both pre-made and customized reports - https://blogs.yoroflow.com/docs/form-based-report/  are downloadable in image, PDF, and Excel formats."
Can I have customized reports?,"Yoroflow includes pre-designed reports that enable users to incorporate multiple dashboards. The platform provides a set of ready-made widgets - https://blogs.yoroflow.com/docs/widgets/ , offering statistical insights and customizable list views with filters. 

Additionally, users have the flexibility to generate personalized reports. Both pre-made and customized reports - https://blogs.yoroflow.com/docs/form-based-report/  are downloadable in image, PDF, and Excel formats."
What is the user limit of this software?,"Yoroflow does not impose a specific user limit, allowing individuals to subscribe for just one user. For additional discounts or queries related on the number of users, please get in touch with the sales team.

Reach to support@yoroflow.com or 
Call Directly: +1 240 345 1615, +1 540 530 4441, +1 703 349 7789
LiveChat on website - https://www.yoroflow.com/ 
or Skype - https://join.skype.com/invite/yYXBXOMD9h8H 
Book a Meeting - https://www.yoroflow.com/request-for-demo/"
What new features or improvements come with updates?,"Yoroflow consistently improves user interactions, safety, and effectiveness based on user feedback and to address feature requests and performance enhancements. New versions or product features are released regularly, occurring twice or thrice a month based on the road-map.

You can find the release details in recent updates - https://www.yoroflow.com/product-updates/ , or other official communication channels like, 
YouTube(https://www.youtube.com/channel/UCAOt6N3HuqWC1ffIPMZc3oQ ), 
LinkedIn(https://linkedin.com/company/yoroflow ), 
X(https://twitter.com/yoroflow ).
"
Who are you?,"] I am YoroBot, an AI assistant specialized in answering your queries regarding Yoroflow products and services. Feel free to inquire about anything related to Yoroflow, and I'll do my best to provide you with the information you need.

How can I help you today?"
hi,"Hello! How can I assist you today? If you have any yoroflow related questions or need information, feel free to ask."
how are you?,"Thank you for asking! I'm just a computer program, so I don't have feelings, but I'm here and ready to assist you. How can I help you today?"
hello,"Hello! How can I assist you today? If you have any yoroflow related questions or need information, feel free to ask."
I love you,"I appreciate your kind words, but I'm just a computer program, so I don't have the capability to experience love. However, I'm here to assist you with any yoroflow related questions or information you may need. How can I help you further today?"
How to generate reports?,"Yoroflow includes pre-designed reports that enable users to incorporate multiple dashboards - https://blogs.yoroflow.com/docs/dashboard/ . The platform provides a set of ready-made widgets - https://blogs.yoroflow.com/docs/widgets/ , offering statistical insights and customizable list views with filters. 

Additionally, users have the flexibility to generate personalized reports. Both pre-made and customized reports - https://blogs.yoroflow.com/docs/form-based-report/  are downloadable in image, PDF, and Excel formats."
Can I control who has access to my data?,You can set up security roles in Yoroflow's Admin tab to remove and assign roles and permissions for each user. Click Administration(https://www.yoroflow.com/docs/manage-organization/ ) ? Associate Users to Roles(https://www.yoroflow.com/docs/associate-users-to-roles/ ) from the left menu and set access to the users in the account.
Can I integrate custom software with Yoroflow?,"Yoroflow provides the flexibility to integrate with custom software using its web service control via API (Application Programming Interface). This allows for programmable communication, enabling the exchange of input and the reception of text, files, and more."
What is Yorodesk?,"YoroDesk functions as a helpdesk and ticketing system, facilitating seamless interactions and accessibility for both customers and agents across their preferred channels. It integrates diverse communication channels, such as web, mobile, live chat, and contact center support. YoroDesk expedites issue resolution by empowering customers to quickly find solutions through its knowledgebase.

Highlights of YoroDesk
1. Omni-Channel Support - https://www.yoroflow.com/omni-channel-customer-service/ 
Helps you streamline customer support tickets and issues raised through multiple channels like Call, Email, LiveChat, Customer Portal etc.

2. SLA Management - https://www.yoroflow.com/sla-management-software/ 
Yorodesk solution helps you quantify your customer support by setting and splitting strict SLA.

3. Automation - https://www.yoroflow.com/automated-help-desk/ 
Automate repetitive tasks, efficiently manage your support email, and customize automation.

4. Integration - https://www.yoroflow.com/help-desk-integrations/ 
Yorodesk gives many third-party integrations to help you enlarge the capabilities of your helpdesk."
What is Yorodrive?,"YoroDocs serves as a personal cloud storage solution designed to safeguard, organize your files, including folders, images, videos, and more, ensuring easy accessibility from any device. Generate links for your files and effortlessly share them with your team, whether internally or externally."
What is Yoroforms?,"YoroForm stands as a robust and user-friendly enterprise form builder, providing the flexibility to create and customize internal forms and public forms according to your specific requirements through a drag & drop low-code platform. 

This powerful tool enables organizations to swiftly transform traditional paper-based forms into digital formats. Moreover, the data collected through these forms seamlessly integrates with existing business applications, offering an efficient solution through forms and workflow software.

Explore more about YoroForms - https://www.yoroflow.com/online-form-builder  & How to create Public Forms for your process? Learn more - https://blogs.yoroflow.com/docs/public-form/"
What is Yorodocs?,"YoroDocs is a secure online document management system designed for creating, storing, and organizing all your documents in a single location. You have the flexibility to keep documents private or easily share, view, edit, and organize them at any time. Additionally, documents can be downloaded in both Word and PDF formats. 

Explore more about YoroDocs - https://www.yoroflow.com/online-document-management-software"
What is Digital Workplace?,"Yoroflow's digital workplace provides a unified platform that combines Workflow Management (https://www.yoroflow.com/workflow-management-overview/ ) + YoroProject (https://www.yoroflow.com/project-management-tools/ ), all essential features, granting access to the digital tools necessary for effective daily work management. This includes functions such as workflow automation, process management, kanban boards, task management, project management, and collaborative document handling."
What is the price of this software?,"Yoroflow presents the most competitive pricing plan in comparison to its competitors. The pricing - https://www.yoroflow.com/pricing-plans/  is both flexible and transparent, allowing you to choose features tailored to meet the specific needs of your organization.

Reach out to your dedicated Account Executive using your preferred mode of contact. They can provide personalized assistance and guidance.

Reach to support@yoroflow.com or 
Call Directly: +1 240 345 1615, +1 540 530 4441, +1 703 349 7789
LiveChat on website - https://www.yoroflow.com/ 
or Skype - https://join.skype.com/invite/yYXBXOMD9h8H 
Book a Meeting - https://www.yoroflow.com/request-for-demo/"
What are the different pricing plans or licensing options?,"Yoroflow stands out as a versatile workplace automation software in the market. It not only allows you to manage and automate routine tasks and team activities but also offers extensive customization options to tailor it to your specific needs. With Yoroflow, you can leverage its capabilities as:

A Project Management tool - https://www.yoroflow.com/project-management 
CRM software - https://www.yoroflow.com/crm-automation 
Task Management System - https://www.yoroflow.com/task-management-software 
Custom Workflows Builder - https://www.yoroflow.com/approval-workflow-software 
Online Document Management Solution - https://www.yoroflow.com/online-document-management-software 
Online Form Designer - https://www.yoroflow.com/online-form-builder 
Helpdesk & Ticketing Software - https://www.yoroflow.com/help-desk-software"
Can i switch my plans during the subscription?,"You can change your plan anytime as per your requirements. Click Administration (https://www.yoroflow.com/docs/manage-organization/ )? Subscription(https://www.yoroflow.com/docs/subscription/ ) from the left menu and check your plan & usage details. By clicking “Upgrade” button you can upgrade or downgrade, change the plan any time."
Is there any extra charge for implementation?,"No, Upon subscribing to a trial or any plan, expect sales to contact you via call or email for account validation. An account executive will then be assigned as your dedicated point of contact throughout the subscription period. This individual will assist you in setting up, onboarding, and creating workflows, forms, projects, contacts, or helpdesk functionalities."
What do I do if the software crashes?," If you encounter difficulties or encounter ""crashes"" while using Yoroflow, follow these general steps to resolve the issue:
1. Verify Your Internet Connection:
Ensure that your internet connection is stable. A reliable connection is crucial for uninterrupted use of Yoroflow.
2. Attempt the Request Again:
If the issue persists, try retrying your request. Sometimes, reattempting the action resolves transient problems.
3. Contact Your Account Executive:
Reach out to your dedicated Account Executive using your preferred mode of contact. They can provide personalized assistance and guidance.
Submit a Report to support@yoroflow.com
If the problem persists or requires technical attention, report the issue by emailing support@yoroflow.com or call us directly at call us directly at +1 240 345 1615, +1 540 530 4441, +1 703 349 7789. This will help initiate the support process for further investigation and resolution.
[Q] Can I get assistance with technical problems?
[A] If you encounter technical issues related to a specific product or license, consider the following general steps to seek assistance:
1. Refer to the user guide (https://www.yoroflow.com/support ) for potential solutions.
2. Contact Your Account Executive:
Reach out to your dedicated Account Executive using your preferred mode of contact. They can provide personalized assistance and guidance.
3. Submit a Report to support@yoroflow.com or Call Directly:
If the problem persists or requires technical attention, report the issue by emailing support@yoroflow.com or call us directly at call us directly at +1 240 345 1615, +1 540 530 4441, +1 703 349 7789. This will help initiate the support process for further investigation and resolution."
Can I control who has access to my data?,You can set up security roles in Yoroflow's Admin tab to remove and assign roles and permissions for each user. Click Administration(https://www.yoroflow.com/docs/manage-organization/ ) ? Associate Users to Roles(https://www.yoroflow.com/docs/associate-users-to-roles/ ) from the left menu and set access to the users in the account.
Can I do a PoC with this software?,"Upon subscribing to a trial or any plan, expect sales to contact you via call or email for account validation. An account executive will then be assigned as your dedicated point of contact throughout the subscription period. This individual will assist you in setting up, onboarding, and creating workflows, forms, projects, contacts, or helpdesk functionalities."
what is yoroflow?,"Yoroflow is an All-in-One Workplace Automation Platform designed for businesses of all sizes, from small enterprises to large corporations. It operates on a no-code/low-code framework, empowering users to create personalized processes, workflows, forms, projects, helpdesks and documents. The platform efficiently oversees and manages team actions, automating a wide range of processes to enhance productivity. Yoroflow stands out as a versatile workplace automation software in the market. It not only allows you to manage and automate routine tasks and team activities but also offers extensive customization options to tailor it to your specific needs. 

With Yoroflow, you can leverage its capabilities as:
A Project Management tool - https://www.yoroflow.com/project-management 
CRM software - https://www.yoroflow.com/crm-automation 
Task Management System - https://www.yoroflow.com/task-management-software 
Custom Workflows Builder - https://www.yoroflow.com/approval-workflow-software 
Online Document Management Solution - https://www.yoroflow.com/online-document-management-software 
Online Form Designer - https://www.yoroflow.com/online-form-builder 
Helpdesk & Ticketing Software - https://www.yoroflow.com/help-desk-software"
What features does the yoroflow software offer?,"Yoroflow stands out as a versatile workplace automation software in the market. It not only allows you to manage and automate routine tasks and team activities but also offers extensive customization options to tailor it to your specific needs. 

With Yoroflow, you can leverage its capabilities as:
A Project Management tool - https://www.yoroflow.com/project-management 
CRM software - https://www.yoroflow.com/crm-automation 
Task Management System - https://www.yoroflow.com/task-management-software 
Custom Workflows Builder - https://www.yoroflow.com/approval-workflow-software 
Online Document Management Solution - https://www.yoroflow.com/online-document-management-software 
Online Form Designer - https://www.yoroflow.com/online-form-builder 
Helpdesk & Ticketing Software - https://www.yoroflow.com/help-desk-software "
What is Yorodesk?,"YoroDesk functions as a helpdesk and ticketing system, facilitating seamless interactions and accessibility for both customers and agents across their preferred channels. It integrates diverse communication channels, such as web, mobile, live chat, and contact center support. YoroDesk expedites issue resolution by empowering customers to quickly find solutions through its knowledgebase.

Highlights of YoroDesk
1. Omni-Channel Support - https://www.yoroflow.com/omni-channel-customer-service/ 
Helps you streamline customer support tickets and issues raised through multiple channels like Call, Email, LiveChat, Customer Portal etc.

2. SLA Management - https://www.yoroflow.com/sla-management-software/ 
Yorodesk solution helps you quantify your customer support by setting and splitting strict SLA.

3. Automation - https://www.yoroflow.com/automated-help-desk/ 
Automate repetitive tasks, efficiently manage your support email, and customize automation.

4. Integration - https://www.yoroflow.com/help-desk-integrations/ 
Yorodesk gives many third-party integrations to help you enlarge the capabilities of your helpdesk."
What is Yoro Project?,"YoroProject, a project management software, delivers a dynamic solution for overseeing project statuses and efficiently managing all project resources. Utilize Yoroflow's user-friendly project management software, equipped with essential and advanced features, including custom dashboard visibility, team monitoring, real-time insights, and Gantt timelines.

Highlights of YoroProject

1. Task Management - https://www.yoroflow.com/project-management 
Streamline your workflow processes and reclaim your time. Whether dealing with simple or intricate tasks, Yoroflow's online project management software offers an uncomplicated drag-and-drop interface, making it effortlessly visual to construct and deploy new automations for your project workflow. Achieve full task automation tailored to meet your specific requirements.

2. Backlogs & Dependencies - https://www.yoroflow.com/project-portfolio-management-software 
Within Yoroproject's project portfolio management software, the Gantt chart provides the team with a comprehensive overview of dependencies, offering details such as dependency type, backlog, task owners, due dates, and additional information.

3. Manage Teams & Tasks - https://www.yoroflow.com/project-management-tools/ 
Get the jumpstart on your organization workflow. No more lost task notes, outdated spreadsheets, unorganized conversations, and a chaotic to-do list - just manage everything in one place.

4. Multiple Views - https://www.yoroflow.com/kanban-software 
Visualize your progress on online Kanban boards and view your team move projects from to-do to completed. Create and manage digital Kanban board software with Yoroproject."
How to integrate the software tools and platforms?,"Indeed, Yoroflow stands as a digital automation and productivity tool, offering a range of integrations to seamlessly connect with users' preferred apps and services, simplifying their lives. These integrations are crafted to boost collaboration and optimize workflows, enabling users to synchronize data effortlessly between Yoroflow and other essential tools."
what is the yoroflow trial period?,"Yoroflow offers a 7-day trial period with limited features across all its plans. Choose the product and plan(https://www.yoroflow.com/pricing-plans/ ) you wish to explore, and proceed to create your account.

Upon subscribing to a trial or any plan, expect sales to contact you via call or email for account validation. An account executive will then be assigned as your dedicated point of contact throughout the subscription period. This individual will assist you in setting up, onboarding, and creating workflows, forms, projects, contacts, or helpdesk functionalities."
How can I upgrade or downgrade my subscription?,"You can change your plan anytime as per your requirements. Click Administration(https://www.yoroflow.com/docs/manage-organization/ ) ? Subscription(https://www.yoroflow.com/docs/subscription/ ) from the left menu and check your plan & usage details. By clicking “Upgrade” button you can upgrade or downgrade, change the plan any time.

Or, Please reach your account executive or email us at support@yoroflow.com to cancel your subscription."
Is there a user guide or tutorial for navigating the interface?,"I recommend checking the official website(https://www.yoroflow.com/support ), blog (https://www.yoroflow.com/blogsarticles ), recent updates(https://www.yoroflow.com/product-updates/ ), or other official communication channels like YouTube(https://www.youtube.com/channel/UCAOt6N3HuqWC1ffIPMZc3oQ ), LinkedIn(https://linkedin.com/company/yoroflow ), X(https://twitter.com/yoroflow )."
What is the price of this software?,"Yoroflow presents the most competitive pricing plan in comparison to its competitors. The pricing - https://www.yoroflow.com/pricing-plans/  is both flexible and transparent, allowing you to choose features tailored to meet the specific needs of your organization.

Reach out to your dedicated Account Executive using your preferred mode of contact. They can provide personalized assistance and guidance.

Reach to support@yoroflow.com or 
Call Directly: +1 240 345 1615, +1 540 530 4441, +1 703 349 7789
LiveChat on website - https://www.yoroflow.com/ 
or Skype - https://join.skype.com/invite/yYXBXOMD9h8H 
Book a Meeting - https://www.yoroflow.com/request-for-demo/"
What is Yorodocs?,"YoroDocs is a secure online document management system designed for creating, storing, and organizing all your documents in a single location. You have the flexibility to keep documents private or easily share, view, edit, and organize them at any time. Additionally, documents can be downloaded in both Word and PDF formats. 

Explore more about YoroDocs - https://www.yoroflow.com/online-document-management-software"
Are PoC projects supported for this software?,"Upon subscribing to a trial or any plan, expect sales to contact you via call or email for account validation. An account executive will then be assigned as your dedicated point of contact throughout the subscription period. This individual will assist you in setting up, onboarding, and creating workflows, forms, projects, contacts, or helpdesk functionalities."
How to generate reports?,"Yoroflow includes pre-designed reports that enable users to incorporate multiple dashboards - https://blogs.yoroflow.com/docs/dashboard/ . The platform provides a set of ready-made widgets - https://blogs.yoroflow.com/docs/widgets/ , offering statistical insights and customizable list views with filters. 

Additionally, users have the flexibility to generate personalized reports. Both pre-made and customized reports - https://blogs.yoroflow.com/docs/form-based-report/  are downloadable in image, PDF, and Excel formats."
Who are you?,"] I am YoroBot, an AI assistant specialized in answering your queries regarding Yoroflow products and services. Feel free to inquire about anything related to Yoroflow, and I'll do my best to provide you with the information you need.

How can I help you today?"
What features does the yoroflow software offer?,"Yoroflow stands out as a versatile workplace automation software in the market. It not only allows you to manage and automate routine tasks and team activities but also offers extensive customization options to tailor it to your specific needs. 

With Yoroflow, you can leverage its capabilities as:
A Project Management tool - https://www.yoroflow.com/project-management 
CRM software - https://www.yoroflow.com/crm-automation 
Task Management System - https://www.yoroflow.com/task-management-software 
Custom Workflows Builder - https://www.yoroflow.com/approval-workflow-software 
Online Document Management Solution - https://www.yoroflow.com/online-document-management-software 
Online Form Designer - https://www.yoroflow.com/online-form-builder 
Helpdesk & Ticketing Software - https://www.yoroflow.com/help-desk-software "
Can the software integrate with other tools or platforms?,"Indeed, Yoroflow stands as a digital automation and productivity tool, offering a range of integrations to seamlessly connect with users' preferred apps and services, simplifying their lives. These integrations are crafted to boost collaboration and optimize workflows, enabling users to synchronize data effortlessly between Yoroflow and other essential tools."
Is there a step-by-step installation guide?,"Yoroflow isn't installed directly on your local machine. It operates as a cloud-based Software as a Service (SaaS) product, accessible through web browsers such as Safari, Chrome, Edge, etc. Users sign up directly with Yoroflow, gaining access to the platform via web browsers or mobile devices. Yoroflow's mobile apps can be downloaded from both the Google Play Store(https://play.google.com/store/apps/details?id=com.yoroflow.app&hl=en_IN&gl=US ) and the Apple App Store(https://apps.apple.com/ca/app/yoroflow/id1581134272 ) for use on smartphones."
How do I use a specific feature?,"The utilization of a particular feature within Yoroflow is contingent upon the specific challenges or solutions you seek for your unique needs. Yoroflow encompasses a suite of diverse applications, serving purposes such as workflow automation(https://www.yoroflow.com/approval-workflow-software ), project management(https://www.yoroflow.com/project-management ), facilitating communication between customers and agents(https://www.yoroflow.com/help-desk-software ), or functioning as a sales automation platform(https://www.yoroflow.com/crm-automation ) to streamline your company or organization's sales processes."
What are the system requirements?,"Users do not need to adhere to specific system requirements for Yoroflow, as the platform is primarily accessed through web or mobile browsers. The only prerequisites are a PC or smartphone with a stable internet connection"
How to  I use  the yoroflow specific feature?,"The utilization of a particular feature within Yoroflow is contingent upon the specific challenges or solutions you seek for your unique needs. Yoroflow encompasses a suite of diverse applications, serving purposes such as workflow automation(https://www.yoroflow.com/approval-workflow-software ), project management(https://www.yoroflow.com/project-management ), facilitating communication between customers and agents(https://www.yoroflow.com/help-desk-software ), or functioning as a sales automation platform(https://www.yoroflow.com/crm-automation ) to streamline your company or organization's sales processes."
Can I integrate custom software with Yoroflow?,"Yoroflow provides the flexibility to integrate with custom software using its web service control via API (Application Programming Interface). This allows for programmable communication, enabling the exchange of input and the reception of text, files, and more."
Please give the yorofolw installation guide?,"Yoroflow isn't installed directly on your local machine. It operates as a cloud-based Software as a Service (SaaS) product, accessible through web browsers such as Safari, Chrome, Edge, etc. Users sign up directly with Yoroflow, gaining access to the platform via web browsers or mobile devices. Yoroflow's mobile apps can be downloaded from both the Google Play Store(https://play.google.com/store/apps/details?id=com.yoroflow.app&hl=en_IN&gl=US ) and the Apple App Store(https://apps.apple.com/ca/app/yoroflow/id1581134272 ) for use on smartphones."
How do I install the software?,"Yoroflow isn't installed directly on your local machine. It operates as a cloud-based Software as a Service (SaaS) product, accessible through web browsers such as Safari, Chrome, Edge, etc. Users sign up directly with Yoroflow, gaining access to the platform via web browsers or mobile devices. Yoroflow's mobile apps can be downloaded from both the Google Play Store(https://play.google.com/store/apps/details?id=com.yoroflow.app&hl=en_IN&gl=US ) and the Apple App Store(https://apps.apple.com/ca/app/yoroflow/id1581134272 ) for use on smartphones."
What are the different pricing plans or licensing options?,"Yoroflow stands out as a versatile workplace automation software in the market. It not only allows you to manage and automate routine tasks and team activities but also offers extensive customization options to tailor it to your specific needs. With Yoroflow, you can leverage its capabilities as:

A Project Management tool - https://www.yoroflow.com/project-management 
CRM software - https://www.yoroflow.com/crm-automation 
Task Management System - https://www.yoroflow.com/task-management-software 
Custom Workflows Builder - https://www.yoroflow.com/approval-workflow-software 
Online Document Management Solution - https://www.yoroflow.com/online-document-management-software 
Online Form Designer - https://www.yoroflow.com/online-form-builder 
Helpdesk & Ticketing Software - https://www.yoroflow.com/help-desk-software"
Can i switch my plans during the subscription?,"You can change your plan anytime as per your requirements. Click Administration (https://www.yoroflow.com/docs/manage-organization/ )? Subscription(https://www.yoroflow.com/docs/subscription/ ) from the left menu and check your plan & usage details. By clicking “Upgrade” button you can upgrade or downgrade, change the plan any time."
Is there any extra charge for implementation?,"No, Upon subscribing to a trial or any plan, expect sales to contact you via call or email for account validation. An account executive will then be assigned as your dedicated point of contact throughout the subscription period. This individual will assist you in setting up, onboarding, and creating workflows, forms, projects, contacts, or helpdesk functionalities."
What do I do if the software crashes?," If you encounter difficulties or encounter ""crashes"" while using Yoroflow, follow these general steps to resolve the issue:
1. Verify Your Internet Connection:
Ensure that your internet connection is stable. A reliable connection is crucial for uninterrupted use of Yoroflow.
2. Attempt the Request Again:
If the issue persists, try retrying your request. Sometimes, reattempting the action resolves transient problems.
3. Contact Your Account Executive:
Reach out to your dedicated Account Executive using your preferred mode of contact. They can provide personalized assistance and guidance.
Submit a Report to support@yoroflow.com
If the problem persists or requires technical attention, report the issue by emailing support@yoroflow.com or call us directly at call us directly at +1 240 345 1615, +1 540 530 4441, +1 703 349 7789. This will help initiate the support process for further investigation and resolution.
[Q] Can I get assistance with technical problems?
[A] If you encounter technical issues related to a specific product or license, consider the following general steps to seek assistance:
1. Refer to the user guide (https://www.yoroflow.com/support ) for potential solutions.
2. Contact Your Account Executive:
Reach out to your dedicated Account Executive using your preferred mode of contact. They can provide personalized assistance and guidance.
3. Submit a Report to support@yoroflow.com or Call Directly:
If the problem persists or requires technical attention, report the issue by emailing support@yoroflow.com or call us directly at call us directly at +1 240 345 1615, +1 540 530 4441, +1 703 349 7789. This will help initiate the support process for further investigation and resolution."
Can I control who has access to my data?,You can set up security roles in Yoroflow's Admin tab to remove and assign roles and permissions for each user. Click Administration(https://www.yoroflow.com/docs/manage-organization/ ) ? Associate Users to Roles(https://www.yoroflow.com/docs/associate-users-to-roles/ ) from the left menu and set access to the users in the account.
Can I do a PoC with this software?,"Upon subscribing to a trial or any plan, expect sales to contact you via call or email for account validation. An account executive will then be assigned as your dedicated point of contact throughout the subscription period. This individual will assist you in setting up, onboarding, and creating workflows, forms, projects, contacts, or helpdesk functionalities."
what is yoroflow?,"Yoroflow is an All-in-One Workplace Automation Platform designed for businesses of all sizes, from small enterprises to large corporations. It operates on a no-code/low-code framework, empowering users to create personalized processes, workflows, forms, projects, helpdesks and documents. The platform efficiently oversees and manages team actions, automating a wide range of processes to enhance productivity. Yoroflow stands out as a versatile workplace automation software in the market. It not only allows you to manage and automate routine tasks and team activities but also offers extensive customization options to tailor it to your specific needs. 

With Yoroflow, you can leverage its capabilities as:
A Project Management tool - https://www.yoroflow.com/project-management 
CRM software - https://www.yoroflow.com/crm-automation 
Task Management System - https://www.yoroflow.com/task-management-software 
Custom Workflows Builder - https://www.yoroflow.com/approval-workflow-software 
Online Document Management Solution - https://www.yoroflow.com/online-document-management-software 
Online Form Designer - https://www.yoroflow.com/online-form-builder 
Helpdesk & Ticketing Software - https://www.yoroflow.com/help-desk-software"
What features does the yoroflow software offer?,"Yoroflow stands out as a versatile workplace automation software in the market. It not only allows you to manage and automate routine tasks and team activities but also offers extensive customization options to tailor it to your specific needs. 

With Yoroflow, you can leverage its capabilities as:
A Project Management tool - https://www.yoroflow.com/project-management 
CRM software - https://www.yoroflow.com/crm-automation 
Task Management System - https://www.yoroflow.com/task-management-software 
Custom Workflows Builder - https://www.yoroflow.com/approval-workflow-software 
Online Document Management Solution - https://www.yoroflow.com/online-document-management-software 
Online Form Designer - https://www.yoroflow.com/online-form-builder 
Helpdesk & Ticketing Software - https://www.yoroflow.com/help-desk-software "
What is Yorodesk?,"YoroDesk functions as a helpdesk and ticketing system, facilitating seamless interactions and accessibility for both customers and agents across their preferred channels. It integrates diverse communication channels, such as web, mobile, live chat, and contact center support. YoroDesk expedites issue resolution by empowering customers to quickly find solutions through its knowledgebase.

Highlights of YoroDesk
1. Omni-Channel Support - https://www.yoroflow.com/omni-channel-customer-service/ 
Helps you streamline customer support tickets and issues raised through multiple channels like Call, Email, LiveChat, Customer Portal etc.

2. SLA Management - https://www.yoroflow.com/sla-management-software/ 
Yorodesk solution helps you quantify your customer support by setting and splitting strict SLA.

3. Automation - https://www.yoroflow.com/automated-help-desk/ 
Automate repetitive tasks, efficiently manage your support email, and customize automation.

4. Integration - https://www.yoroflow.com/help-desk-integrations/ 
Yorodesk gives many third-party integrations to help you enlarge the capabilities of your helpdesk."
What is Yoro Project?,"YoroProject, a project management software, delivers a dynamic solution for overseeing project statuses and efficiently managing all project resources. Utilize Yoroflow's user-friendly project management software, equipped with essential and advanced features, including custom dashboard visibility, team monitoring, real-time insights, and Gantt timelines.

Highlights of YoroProject

1. Task Management - https://www.yoroflow.com/project-management 
Streamline your workflow processes and reclaim your time. Whether dealing with simple or intricate tasks, Yoroflow's online project management software offers an uncomplicated drag-and-drop interface, making it effortlessly visual to construct and deploy new automations for your project workflow. Achieve full task automation tailored to meet your specific requirements.

2. Backlogs & Dependencies - https://www.yoroflow.com/project-portfolio-management-software 
Within Yoroproject's project portfolio management software, the Gantt chart provides the team with a comprehensive overview of dependencies, offering details such as dependency type, backlog, task owners, due dates, and additional information.

3. Manage Teams & Tasks - https://www.yoroflow.com/project-management-tools/ 
Get the jumpstart on your organization workflow. No more lost task notes, outdated spreadsheets, unorganized conversations, and a chaotic to-do list - just manage everything in one place.

4. Multiple Views - https://www.yoroflow.com/kanban-software 
Visualize your progress on online Kanban boards and view your team move projects from to-do to completed. Create and manage digital Kanban board software with Yoroproject."
How is user data protected?,"At Yorosis Technologies, Inc. / Yoroflow, compliance is a top priority to ensure that we operate in an ethical and secure environment. And ISO 27001, SOC 2 Type II, Privacy Shield certified , which undergoes regular third- party audits and assessments to ensure our compliance and maintain trust with our customers.

A dedicated security team monitors and maintains the review processes of all security processes with regular audits and security policies to meet industry standards.

Yorosis security team conducts regular audits, vulnerability assessments, and penetration testing to review the security standards at regular intervals and fill gaps if any."
what is yoroflow,"Yoroflow is an All-in-One Workplace Automation Platform designed for businesses of all sizes, from small enterprises to large corporations. It operates on a no-code/low-code framework, empowering users to create personalized processes, workflows, forms, projects, helpdesks and documents. The platform efficiently oversees and manages team actions, automating a wide range of processes to enhance productivity. Yoroflow stands out as a versatile workplace automation software in the market. It not only allows you to manage and automate routine tasks and team activities but also offers extensive customization options to tailor it to your specific needs. 

With Yoroflow, you can leverage its capabilities as:
A Project Management tool - https://www.yoroflow.com/project-management 
CRM software - https://www.yoroflow.com/crm-automation 
Task Management System - https://www.yoroflow.com/task-management-software 
Custom Workflows Builder - https://www.yoroflow.com/approval-workflow-software 
Online Document Management Solution - https://www.yoroflow.com/online-document-management-software 
Online Form Designer - https://www.yoroflow.com/online-form-builder 
Helpdesk & Ticketing Software - https://www.yoroflow.com/help-desk-software"
